<?xml version="1.0" ?>

<container xmlns="http://symfony.com/schema/dic/services"
           xmlns:xsi="http://www.w3.org/2001/XMLSchema-instance"
           xsi:schemaLocation="http://symfony.com/schema/dic/services http://symfony.com/schema/dic/services/services-1.0.xsd">

    <services>
        <service id="Oxoloaivideo\Api\Gateway">
            <argument type="service" id="oxoloaivideo.logger"/>
            <argument type="service" id="Shopware\Core\System\SystemConfig\SystemConfigService"/>
        </service>

        <service id="Oxoloaivideo\Api\CachedGateway" decorates="Oxoloaivideo\Api\Gateway">
            <argument type="service" id="oxoloaivideo.logger"/>
            <argument type="service" id="Shopware\Core\System\SystemConfig\SystemConfigService"/>
            <argument type="service" id=".inner"/>
            <argument type="service" id="cache.object"/>
        </service>

        <service id="Oxoloaivideo\Api\RequestFactory">
            <argument type="service" id="Shopware\Core\Content\Category\Service\CategoryBreadcrumbBuilder"/>
            <argument type="service" id="Shopware\Core\Content\Seo\SeoUrlPlaceholderHandlerInterface"/>
            <argument type="service" id="product.repository"/>
            <argument type="service" id="router"/>
            <argument type="service" id="Shopware\Core\System\SystemConfig\SystemConfigService"/>
        </service>
    </services>
</container>
