<?xml version="1.0" ?>

<container xmlns="http://symfony.com/schema/dic/services"
           xmlns:xsi="http://www.w3.org/2001/XMLSchema-instance"
           xsi:schemaLocation="http://symfony.com/schema/dic/services http://symfony.com/schema/dic/services/services-1.0.xsd">

    <services>
        <service id="Oxoloaivideo\Entity\OxoloMediaDefinition">
            <tag name="shopware.entity.definition" entity="oxoloaivideo_media"/>
        </service>

        <service id="Oxoloaivideo\Entity\OxoloVideoDefinition">
            <tag name="shopware.entity.definition" entity="oxoloaivideo_video"/>
        </service>

        <service id="Oxoloaivideo\Entity\Extension\MediaExtension">
            <tag name="shopware.entity.extension"/>
        </service>

        <service id="Oxoloaivideo\Entity\Extension\ProductExtension">
            <tag name="shopware.entity.extension"/>
        </service>
    </services>
</container>
