{
    "sw-product-detail-oxoloaivideo": {
        "labelVoice": "Voice",
        "labelActor": "Actor",
        "labelMusic": "Music",
        "labelTemplate": "Template",
        "labelDescription": "Description",
        "placeholderDescription": "Enter description...",
        "createButton": "Create",
        "downloadButton": "Download",
        "checkProgressButton": "Check progress",
        "videosToDownloadText": "{n} video is ready to download. | {n} videos are ready to download.",
        "noVideosToDownloadText": "There are no videos to download.",
        "videosInProgressText": "{n} video is in progress. | {n} videos are in progress.",
        "message": {
            "checkProgressError": "Couldn't check the progress of the videos. Error:",
            "createVideoError": "Couldn't create video. Error:",
            "downloadError": "Couldn't download videos. Error:",
            "createVideoSuccess": "Video is being prepared.",
            "noVideosToDownload": "There are no videos to download for this product.",
            "downloadedVideos": "Downloaded {n} video. | Downloaded {n} videos. ",
            "inProgressVideos": "{n} video is in progress. | {n} videos are in progress. ",
            "failedVideos": "Couldn't download {n} video. See log for more information. | Couldn't download {n} videos. See log for more information. "
        }
    },
    "oxoloaivideo-catalog-preview": {
        "audioTagNotSupported": "Your browser does not support the audio tag",
        "videoTagNotSupported": "Your browser does not support the video tag"
    }
}
