<?xml version="1.0" ?>

<container xmlns="http://symfony.com/schema/dic/services"
           xmlns:xsi="http://www.w3.org/2001/XMLSchema-instance"
           xmlns:monolog="http://symfony.com/schema/dic/monolog"
           xsi:schemaLocation="http://symfony.com/schema/dic/services http://symfony.com/schema/dic/services/services-1.0.xsd http://symfony.com/schema/dic/monolog http://symfony.com/schema/dic/monolog/monolog-1.0.xsd">

    <monolog:config>
        <monolog:handler name="oxoloaivideo" type="rotating_file" path="%kernel.logs_dir%/oxoloaivideo_%kernel.environment%.log" max-files="30">
            <monolog:channels>
                <monolog:channel>oxoloaivideo</monolog:channel>
            </monolog:channels>
        </monolog:handler>
    </monolog:config>
    
    <imports>
        <import resource="services/administration.xml"/>
        <import resource="services/api.xml"/>
        <import resource="services/entity.xml"/>
        <import resource="services/service.xml"/>
        <import resource="services/storefront.xml"/>
        <import resource="services/webhook.xml"/>
    </imports>

    <services>
        <service id="Oxoloaivideo\Service\Logger">
            <argument type="service" id="logger"/>
            <tag name="monolog.logger" channel="oxoloaivideo"/>
        </service>
    </services>
</container>
