<?xml version="1.0" ?>

<container xmlns="http://symfony.com/schema/dic/services"
           xmlns:xsi="http://www.w3.org/2001/XMLSchema-instance"
           xsi:schemaLocation="http://symfony.com/schema/dic/services http://symfony.com/schema/dic/services/services-1.0.xsd">

    <imports>
        <import resource="services/administration.xml"/>
        <import resource="services/api.xml"/>
        <import resource="services/entity.xml"/>
        <import resource="services/service.xml"/>
        <import resource="services/storefront.xml"/>
        <import resource="services/webhook.xml"/>
    </imports>

    <services>
        <service id="oxoloaivideo.logger" class="Psr\Log\LoggerInterface">
            <factory service="Shopware\Core\Framework\Log\LoggerFactory" method="createRotating"/>
            <argument type="string">oxoloaivideo</argument>
            <argument type="string">30</argument>
        </service>
    </services>
</container>
