<?xml version="1.0" ?>

<container xmlns="http://symfony.com/schema/dic/services"
           xmlns:xsi="http://www.w3.org/2001/XMLSchema-instance"
           xsi:schemaLocation="http://symfony.com/schema/dic/services http://symfony.com/schema/dic/services/services-1.0.xsd">

    <services>
        <service id="Oxoloaivideo\Administration\Decorator\SystemConfigControllerDecorator"
                 decorates="Shopware\Core\System\SystemConfig\Api\SystemConfigController"
                 public="true">
            <argument type="service" id=".inner"/>
            <argument type="service" id="Shopware\Core\System\SystemConfig\Service\ConfigurationService"/>
            <argument type="service" id="Shopware\Core\System\SystemConfig\SystemConfigService"/>
            <argument type="service" id="Shopware\Core\System\SystemConfig\Validation\SystemConfigValidator"/>
            <argument type="service" id="Oxoloaivideo\Webhook\Service\WebhookService"/>
            <call method="setContainer">
                <argument type="service" id="service_container"/>
            </call>
        </service>

        <service id="Oxoloaivideo\Administration\Controller\VideoController" public="true">
            <argument type="service" id="product.repository"/>
            <argument type="service" id="sales_channel.repository"/>
            <argument type="service" id="oxoloaivideo_video.repository"/>
            <argument type="service" id="Shopware\Core\System\SalesChannel\Context\SalesChannelContextService"/>
            <argument type="service" id="Oxoloaivideo\Service\VideoDownloader"/>
            <argument type="service" id="Oxoloaivideo\Service\VideoGenerator"/>
            <argument type="service" id="Oxoloaivideo\Api\CachedGateway"/>
            <call method="setContainer">
                <argument type="service" id="service_container"/>
            </call>
        </service>

        <service id="Oxoloaivideo\Administration\Controller\CatalogController" public="true">
            <argument type="service" id="Oxoloaivideo\Api\CachedGateway"/>
            <argument type="service" id="locale.repository"/>
            <call method="setContainer">
                <argument type="service" id="service_container"/>
            </call>
        </service>
    </services>
</container>
