<?xml version="1.0" ?>

<container xmlns="http://symfony.com/schema/dic/services"
           xmlns:xsi="http://www.w3.org/2001/XMLSchema-instance"
           xsi:schemaLocation="http://symfony.com/schema/dic/services http://symfony.com/schema/dic/services/services-1.0.xsd">

    <services>
        <service id="Oxoloaivideo\Service\VideoGenerator">
            <argument type="service" id="product.repository"/>
            <argument type="service" id="oxoloaivideo_media.repository"/>
            <argument type="service" id="oxoloaivideo_video.repository"/>
            <argument type="service" id="Oxoloaivideo\Api\RequestFactory"/>
            <argument type="service" id="Oxoloaivideo\Api\CachedGateway"/>
        </service>

        <service id="Oxoloaivideo\Service\VideoDownloader">
            <argument type="service" id="media.repository"/>
            <argument type="service" id="product_media.repository"/>
            <argument type="service" id="media_folder.repository"/>
            <argument type="service" id="oxoloaivideo_video.repository"/>
            <argument type="service" id="product.repository"/>
            <argument type="service" id="Shopware\Core\Content\Media\File\FileSaver"/>
            <argument type="service" id="Oxoloaivideo\Api\CachedGateway"/>
            <argument type="service" id="Oxoloaivideo\Service\Logger"/>
        </service>
    </services>
</container>
