<?xml version="1.0" ?>

<container xmlns="http://symfony.com/schema/dic/services"
           xmlns:xsi="http://www.w3.org/2001/XMLSchema-instance"
           xsi:schemaLocation="http://symfony.com/schema/dic/services http://symfony.com/schema/dic/services/services-1.0.xsd">

    <services>
        <service id="Oxoloaivideo\Webhook\Service\WebhookService">
            <argument type="service" id="Oxoloaivideo\Api\RequestFactory"/>
            <argument type="service" id="Oxoloaivideo\Api\CachedGateway"/>
            <argument type="service" id="Oxoloaivideo\Service\Logger"/>
            <argument type="service" id="Shopware\Core\System\SystemConfig\SystemConfigService"/>
            <argument type="service" id="oxoloaivideo_video.repository"/>
            <argument type="service" id="messenger.bus.shopware"/>
        </service>

        <service id="Oxoloaivideo\Webhook\Controller\WebhookController" public="true">
            <argument type="service" id="Oxoloaivideo\Webhook\Service\WebhookService"/>
            <call method="setContainer">
                <argument type="service" id="service_container"/>
            </call>
        </service>

        <service id="Oxoloaivideo\Webhook\MesssageQueue\DownloadOxoloVideoHandler">
            <argument type="service" id="Oxoloaivideo\Service\VideoDownloader"/>
            <argument type="service" id="oxoloaivideo_video.repository"/>
            <argument type="service" id="Oxoloaivideo\Service\Logger"/>
            <tag name="messenger.message_handler"/>
        </service>
    </services>
</container>
